DROP TABLES IF EXISTS LINK_TYPE, GENDER_TYPE,INTEREST_TYPE, MEMBER,LINK, MEMBER_INTEREST, FRIEND;
create table LINK_TYPE (
    LTID TINYINT(1) NOT NULL,
    LTNAME VARCHAR(7) NOT NULL,
    LICON TEXT,
    PRIMARY KEY (LTID)
);
create table GENDER_TYPE (
    GID TINYINT(1) NOT NULL,
    GNAME CHAR(1) NOT NULL,
    PRIMARY KEY (GID)
);
create table INTEREST_TYPE (
    IID TINYINT NOT NULL,
    INAME VARCHAR(16),
    IICON TEXT,
    PRIMARY KEY (IID)
);
create table MEMBER (
    UID INT NOT NULL AUTO_INCREMENT,
    EMAIL VARCHAR(64) NOT NULL,
    PASSWORD VARCHAR(16) NOT NULL,
    FNAME VARCHAR(32) NOT NULL,
    LNAME VARCHAR(32) NOT NULL,
    GENDER TINYINT(1) NOT NULL,
    SIGNUP_DATE DATE NOT NULL,
    ISADMIN TINYINT(1) NOT NULL,
    ISBANNED TINYINT(1) NOT NULL,
    PRIMARY KEY (UID)
);
create table LINK (
    LID TINYINT NOT NULL,
    LTYPE TINYINT(1) NOT NULL,
    UID TINYINT NOT NULL,
    POST_DATE DATE NOT NULL,
    DESCRIPTION TINYTEXT NOT NULL,
    URL TEXT NOT NULL,
    PRIMARY KEY (LID)
);
create table MEMBER_INTEREST (
    UID TINYINT NOT NULL,
    IID TINYINT NOT NULL
);
create table FRIEND (
    UID TINYINT NOT NULL,
    FID TINYINT NOT NULL
);

insert into GENDER_TYPE VALUES (1,"M");
insert into GENDER_TYPE VALUES (2,"F");

insert into LINK_TYPE VALUES (1,"Webpage","link.gif");
insert into LINK_TYPE VALUES (2,"Video","video.png");
insert into LINK_TYPE VALUES (3,"Picture","camera.jpg");
                                                                            
insert into INTEREST_TYPE VALUES (1,"Cooking","cooking.png");
insert into INTEREST_TYPE VALUES (2,"Programming","programming.png");
insert into INTEREST_TYPE VALUES (3,"Football","football.png");
insert into INTEREST_TYPE VALUES (4,"Television","tv.png");
insert into INTEREST_TYPE VALUES (5,"Cars","car.png");
insert into INTEREST_TYPE VALUES (6,"Soccer","soccer.png");
insert into INTEREST_TYPE VALUES (7,"Video Games","videogames.png");
insert into INTEREST_TYPE VALUES (8,"Basketball","basketball.png");
insert into INTEREST_TYPE VALUES (9,"Hiking","hiking.png");
insert into INTEREST_TYPE VALUES (10,"Fishing","fishing.png");
insert into INTEREST_TYPE VALUES (11,"Poker","poker.png");
                                                                            
insert into MEMBER VALUES (0,"admin@cis444.cs.csusm.edu","KJASD14JAXX","Site","Admin",1,"2012-10-11",0,0); 
insert into MEMBER VALUES (1,"doe001@cougars.csusm.edu","TBD67LEF8QU","John","Doe",1,"2012-10-11",0,0); 
insert into MEMBER VALUES (2,"doe002@cougars.csusm.edu","NEU65JVV4WG","Jane","Doe",2,"2012-10-11",0,0); 
insert into MEMBER VALUES (3,"smith001@cougars.csusm.edu","TTD31DWC8PD","Bob","Smith",1,"2012-10-11",0,0); 
insert into MEMBER VALUES (4,"blue001@cougars.csusm.edu","ZHV44BGC8UH","Betty","Blue",2,"2012-10-11",0,0); 
insert into MEMBER VALUES (5,"red001@cougars.csusm.edu","QLW02RLD9EX","Sonja","Red",2,"2012-10-11",0,0); 
insert into MEMBER VALUES (6,"bauer001@cougars.csusm.edu","BMA23DBY2BG","Jack","Bauer",1,"2012-10-11",0,0); 
insert into MEMBER VALUES (7,"james001@cougars.csusm.edu","CLS17VZM1QY","John","Jameson",1,"2012-10-11",0,0); 
insert into MEMBER VALUES (8,"eget.volutpat@luctus.ca","VOI60BFM5JI","Joshua","Middleton",2,"2012-11-06",0,0); 
insert into MEMBER VALUES (9,"vel.pede.blandit@dui.com","AST20KSI7WG","Leah","Parrish",2,"2012-10-29",0,0); 
insert into MEMBER VALUES (10,"erat.Vivamus.nisi@Duisrisusodio.org","HNY60PGZ3KP","Maite","Harris",1,"2012-10-25",0,0); 
insert into MEMBER VALUES (11,"ante.bibendum@liberoet.com","RMF90YTZ3OZ","Taylor","Sloan",1,"2012-10-19",0,0); 
insert into MEMBER VALUES (12,"dui.Fusce.aliquam@orciin.org","NTC13NLU1UO","Jana","Joyner",1,"2012-10-24",0,0); 
insert into MEMBER VALUES (13,"Integer.in.magna@metus.edu","DXS18OPR0DC","Quemby","Miller",2,"2012-10-19",0,0); 
insert into MEMBER VALUES (14,"vulputate.dui.nec@Nullam.edu","ANA59MRQ9UH","Armando","Wall",1,"2012-10-23",0,0); 
insert into MEMBER VALUES (15,"erat.semper.rutrum@ullamcorper.org","RKT71JRB1XL","Garrett","Walsh",2,"2012-10-24",0,0); 
insert into MEMBER VALUES (16,"dictum.ultricies@temporeratneque.edu","OTZ88YAP9AZ","Logan","Park",1,"2012-10-25",0,0); 
insert into MEMBER VALUES (17,"sed.dolor@vitaeerat.edu","PWB02AYO5VK","Penelope","Haney",1,"2012-10-11",0,0); 
insert into MEMBER VALUES (18,"mauris.sit.amet@parturientmontesnascetur.edu","PQF52XYP4MJ","Lavinia","Beck",1,"2012-11-06",0,0); 
insert into MEMBER VALUES (19,"aliquet.magna@orcilacus.edu","ZFW39GOS4NK","Mallory","Britt",1,"2012-10-16",0,0); 
insert into MEMBER VALUES (20,"pede.nec.ante@Nulla.org","XEB27DMK1XC","Clayton","Sweet",1,"2012-10-25",0,0); 
insert into MEMBER VALUES (21,"imperdiet@Morbi.ca","ZTI33LKF0SZ","Montana","Morales",1,"2012-10-14",0,0); 
insert into MEMBER VALUES (22,"in.consectetuer.ipsum@sedsemegestas.com","IBH32ESI4YQ","Dominic","Wade",1,"2012-11-05",0,0); 
insert into MEMBER VALUES (23,"amet.massa@dolorQuisquetincidunt.org","YDL98CBO9ZK","Hammett","Fowler",1,"2012-11-03",0,0); 
insert into MEMBER VALUES (24,"lobortis.nisi.nibh@Namnullamagna.com","AIJ65HZE5SF","Eugenia","Murphy",1,"2012-10-12",0,0); 
insert into MEMBER VALUES (25,"tellus.non.magna@feugiat.org","RVQ01YNW6GT","Alice","Ellison",1,"2012-10-31",0,0); 
insert into MEMBER VALUES (26,"semper.erat@lacusvestibulum.ca","VGP05GJI8ND","Jolie","Conway",2,"2012-10-15",0,0); 
insert into MEMBER VALUES (27,"non@mollis.ca","ARB77IVC2LU","Bryar","Fitzgerald",1,"2012-10-29",0,0); 
insert into MEMBER VALUES (28,"vel.arcu.eu@lacusQuisque.org","XWF03LZM7DN","Keely","Cobb",1,"2012-10-18",0,0); 
insert into MEMBER VALUES (29,"nibh.dolor@miacmattis.ca","AEF73NVB8KB","Kylee","Franklin",2,"2012-10-25",0,0); 
insert into MEMBER VALUES (30,"vitae.sodales.at@elit.com","TXM24RMB6KZ","Hashim","Hobbs",1,"2012-11-07",0,0); 
insert into MEMBER VALUES (31,"arcu.Vestibulum@ametante.edu","MZM55UMI1TO","Jamal","Kerr",1,"2012-10-27",0,0); 
insert into MEMBER VALUES (32,"Nullam.vitae.diam@idliberoDonec.edu","ZGQ96BCG2NJ","Flynn","Avery",1,"2012-10-25",0,0); 
insert into MEMBER VALUES (33,"Nunc.mauris.sapien@malesuadamalesuadaInteger.edu","FRV71IFC0DS","Erich","Brewer",2,"2012-10-15",0,0); 
insert into MEMBER VALUES (34,"elementum.at.egestas@neceuismod.edu","WGR25RPJ2MY","Frances","Perkins",2,"2012-10-26",0,0); 
insert into MEMBER VALUES (35,"orci@antelectusconvallis.org","VNV58YNU9DT","Bevis","Allen",1,"2012-10-26",0,0); 
insert into MEMBER VALUES (36,"diam.luctus.lobortis@esttempor.ca","ZSJ90CNE5GQ","Desirae","Boyd",1,"2012-10-11",0,0); 
insert into MEMBER VALUES (37,"eu@semper.edu","UAI51IOW5EI","Isaac","Callahan",1,"2012-11-02",0,0); 
insert into MEMBER VALUES (38,"quam.elementum.at@mi.org","GLV87XBU5CV","Noelani","Taylor",2,"2012-10-29",0,0); 
insert into MEMBER VALUES (39,"felis@rhoncusNullamvelit.edu","WXE13HFE3HB","Tatiana","Le",1,"2012-10-28",0,0); 
insert into MEMBER VALUES (40,"libero.Integer.in@bibendum.com","AEP88MSX9RG","Veronica","Logan",1,"2012-10-27",0,0); 
insert into MEMBER VALUES (41,"ante@asollicitudin.ca","RTF76TFJ1KZ","Maxwell","Hester",1,"2012-11-02",0,0); 
insert into MEMBER VALUES (42,"lobortis@primis.ca","XRQ15EHS9UC","Shafira","Jenkins",2,"2012-10-14",0,0); 
insert into MEMBER VALUES (43,"adipiscing@atpede.com","WZV86GZW5ZP","Jermaine","Stephens",1,"2012-10-22",0,0); 
insert into MEMBER VALUES (44,"dui@iaculisenimsit.com","OFB60ONC7AY","Cassady","Stewart",2,"2012-10-28",0,0); 
insert into MEMBER VALUES (45,"tincidunt@hymenaeosMauris.org","KUR02OHJ5DR","Sacha","Nunez",2,"2012-10-25",0,0); 
insert into MEMBER VALUES (46,"pede.Cum.sociis@arcuCurabiturut.ca","AEV93SWJ4KQ","Britanni","Sears",1,"2012-11-09",0,0); 
insert into MEMBER VALUES (47,"fames.ac.turpis@loremacrisus.edu","BXG77YPQ2NB","Benedict","Martin",1,"2012-11-06",0,0); 
insert into MEMBER VALUES (48,"euismod.enim.Etiam@etmagnis.com","ZCU52QAA4SJ","Madeline","Raymond",1,"2012-10-25",0,0); 
insert into MEMBER VALUES (49,"Donec.tempor.est@InloremDonec.edu","PCQ62FXD7NU","Brett","James",2,"2012-11-01",0,0); 
insert into MEMBER VALUES (50,"tristique.senectus.et@arcu.edu","CBU46NSO0RK","Breanna","Foley",2,"2012-11-03",0,0); 
insert into MEMBER VALUES (51,"arcu.Sed.et@nonummyacfeugiat.ca","VRK67WMS9OH","Zoe","Monroe",1,"2012-10-13",0,0); 
insert into MEMBER VALUES (52,"a.neque.Nullam@ullamcorper.ca","PIM04TNE7FD","Lucas","Benson",2,"2012-10-25",0,0); 
insert into MEMBER VALUES (53,"velit.Aliquam.nisl@senectuset.edu","ITT67JZN4ZV","Colette","Mcdaniel",1,"2012-10-24",0,0); 
insert into MEMBER VALUES (54,"interdum.ligula.eu@ametfaucibus.edu","TEI87JRU0GQ","Darius","Martin",1,"2012-10-26",0,0); 
insert into MEMBER VALUES (55,"ante.dictum.cursus@nec.edu","SUD59SRR3FD","Howard","Whitaker",1,"2012-10-19",0,0); 
insert into MEMBER VALUES (56,"Pellentesque.ut.ipsum@erat.com","WES54HXK4BS","Lois","Rich",2,"2012-10-14",0,0); 
insert into MEMBER VALUES (57,"libero.at.auctor@seddui.ca","EUE21DPX9RA","Indira","Lyons",1,"2012-11-06",0,0); 
insert into MEMBER VALUES (58,"libero@enimdiam.ca","AXA75UGG0TS","Ali","Todd",2,"2012-10-19",0,0); 
insert into MEMBER VALUES (59,"in@ultriciesdignissimlacus.ca","QIL67AVX0LI","Aladdin","Hudson",1,"2012-10-19",0,0); 
insert into MEMBER VALUES (60,"eu@Sedpharetrafelis.com","ZXD79BFD2XM","Alea","Larsen",2,"2012-10-18",0,0); 
insert into MEMBER VALUES (61,"sodales.Mauris@rutrumurna.edu","LOL75XAQ0TL","Karleigh","Pope",1,"2012-11-09",0,0); 
insert into MEMBER VALUES (62,"vel.arcu.Curabitur@turpis.org","KZO99BSM2GZ","Dara","Oneal",2,"2012-10-26",0,0); 
insert into MEMBER VALUES (63,"odio.a.purus@cursus.com","SSF12YNX3UQ","Ainsley","Cummings",2,"2012-10-31",0,0); 
insert into MEMBER VALUES (64,"vitae.dolor@idsapien.ca","BWC01TNV2QL","Mona","Guerrero",1,"2012-11-01",0,0); 
insert into MEMBER VALUES (65,"dapibus.rutrum.justo@utipsum.edu","GFW82CLU2AK","Alfreda","Berger",1,"2012-11-05",0,0); 
insert into MEMBER VALUES (66,"aliquet@metusAliquam.org","FCG67PUR1DM","Craig","Hays",2,"2012-10-12",0,0); 
insert into MEMBER VALUES (67,"arcu@molestiesodalesMauris.org","RJT03VJN9TJ","Kameko","Watson",1,"2012-10-19",0,0); 
insert into MEMBER VALUES (68,"Nunc.mauris.sapien@vitae.com","XNM37XBV1YA","Ulysses","Mcintyre",1,"2012-10-23",0,0); 
insert into MEMBER VALUES (69,"sem.magna.nec@ridiculusmusProin.edu","HLU69SCS3JB","Megan","Duke",2,"2012-10-17",0,0); 
insert into MEMBER VALUES (70,"dolor@liberomauris.org","EGQ11FOV8IJ","Urielle","Mckenzie",2,"2012-10-21",0,0); 
insert into MEMBER VALUES (71,"mollis.vitae.posuere@inmagnaPhasellus.com","LSS43ZCO6LP","Elliott","Molina",2,"2012-11-05",0,0); 
insert into MEMBER VALUES (72,"felis.eget.varius@aenimSuspendisse.com","VBS19IZR5SC","Uta","Carlson",2,"2012-10-21",0,0); 
insert into MEMBER VALUES (73,"sociis.natoque@in.org","SFE34VDK6DO","Alika","Walters",2,"2012-10-14",0,0); 
insert into MEMBER VALUES (74,"vitae.dolor.Donec@tinciduntaliquam.edu","GQV35YDF5IV","Galvin","Barnes",1,"2012-11-09",0,0); 
insert into MEMBER VALUES (75,"lobortis.quam@tristiquepharetra.org","YZQ50OCT6RV","Raven","Valencia",1,"2012-10-26",0,0); 
insert into MEMBER VALUES (76,"posuere.cubilia@sed.com","HDR14SDA0RI","Lacota","Mcpherson",1,"2012-11-02",0,0); 
insert into MEMBER VALUES (77,"eget@sagittis.edu","CLX92VLV0NJ","Hilary","Rutledge",2,"2012-10-28",0,0); 
insert into MEMBER VALUES (78,"ut@odio.edu","AVS34IRP4AJ","Minerva","Britt",2,"2012-10-28",0,0); 
insert into MEMBER VALUES (79,"a.scelerisque@Maecenas.com","WLZ28UTX7TR","Rahim","Rivers",2,"2012-11-04",0,0); 
insert into MEMBER VALUES (80,"sapien.Aenean@eratnequenon.ca","NHV89YRO9SY","Jacob","Madden",1,"2012-10-27",0,0); 
insert into MEMBER VALUES (81,"ipsum.dolor@rhoncus.org","DYH87BIG2GC","Aladdin","Robertson",1,"2012-10-23",0,0); 
insert into MEMBER VALUES (82,"lacus.Etiam.bibendum@tortordictum.com","XTA82PFQ3LX","Teagan","Lyons",2,"2012-10-13",0,0); 
insert into MEMBER VALUES (83,"viverra@tacitisociosqu.org","VMY94THI3QC","Nyssa","Leon",2,"2012-11-07",0,0); 
insert into MEMBER VALUES (84,"iaculis.aliquet.diam@tristique.org","SSZ66OLU9AB","Linus","Simpson",2,"2012-10-26",0,0); 
insert into MEMBER VALUES (85,"nulla.vulputate@Mauris.edu","IRR43FID5JM","Bruno","Bowen",1,"2012-11-07",0,0); 
insert into MEMBER VALUES (86,"Nunc@sociisnatoquepenatibus.edu","PPE61AET7FA","Regina","Lowery",2,"2012-10-25",0,0); 
insert into MEMBER VALUES (87,"Lorem.ipsum@ante.com","GFR73UXM4SE","Levi","Fleming",2,"2012-11-05",0,0); 
insert into MEMBER VALUES (88,"pede.Suspendisse.dui@interdumfeugiatSed.edu","RNI73XKU8NL","Ciaran","Rich",2,"2012-10-28",0,0); 
insert into MEMBER VALUES (89,"egestas.hendrerit.neque@Donec.com","NDC67JKM3JG","Jenette","Bartlett",2,"2012-10-29",0,0); 
insert into MEMBER VALUES (90,"diam.Proin.dolor@orci.edu","WPS37MZR9AI","Gavin","Lancaster",1,"2012-10-30",0,0); 
insert into MEMBER VALUES (91,"Curabitur.dictum@eu.org","RDZ96ARL7TD","Winter","Moody",2,"2012-10-31",0,0); 
insert into MEMBER VALUES (92,"pede.Suspendisse@anteVivamus.ca","FCY54LAW6FR","Delilah","Summers",2,"2012-10-21",0,0); 
insert into MEMBER VALUES (93,"vitae@Craslorem.com","XAG09WUQ8IU","Phyllis","Larson",2,"2012-11-03",0,0); 
insert into MEMBER VALUES (94,"mollis.Integer.tincidunt@sem.edu","DUI80FQH0CN","Jerry","Woodward",2,"2012-10-31",0,0); 
insert into MEMBER VALUES (95,"tincidunt.pede.ac@etmagna.ca","FKD91QVW7CA","Sage","Donovan",2,"2012-11-05",0,0); 
insert into MEMBER VALUES (96,"Phasellus@iaculisaliquetdiam.org","DJU68UFO8TD","Macy","West",2,"2012-10-27",0,0); 
insert into MEMBER VALUES (97,"mattis.velit.justo@eratvolutpatNulla.ca","PCW69CKB1GL","Stephanie","Hendricks",2,"2012-11-05",0,0); 
insert into MEMBER VALUES (98,"Nullam.ut@utnulla.com","FGB38AYQ9RZ","Noelani","Downs",1,"2012-11-09",0,0); 
insert into MEMBER VALUES (99,"fames.ac@Nulla.com","CWN57YIK0AW","Eve","David",1,"2012-10-12",0,0); 
insert into MEMBER VALUES (100,"quis.lectus@velitSedmalesuada.org","QJF60LSQ2TI","Kirsten","Sharpe",1,"2012-11-06",0,0); 
insert into MEMBER VALUES (101,"nulla@malesuadaiderat.org","IAS13YHS5HC","Athena","Valdez",1,"2012-10-11",0,0); 
insert into MEMBER VALUES (102,"eu@semperpretium.edu","EAZ55VSQ1QR","Travis","Wilcox",2,"2012-10-24",0,0); 
insert into MEMBER VALUES (103,"turpis.non@id.com","TDT81RIM1WE","Isabella","Baird",1,"2012-11-09",0,0); 
insert into MEMBER VALUES (104,"placerat.Cras@Crasloremlorem.edu","JLW03VTZ9UO","Ivory","Lawson",2,"2012-10-17",0,0); 
insert into MEMBER VALUES (105,"porttitor@egestasblanditNam.org","JBO54PSY1LE","Halla","Saunders",2,"2012-10-18",0,0); 
insert into MEMBER VALUES (106,"nulla@necorciDonec.org","ZCJ55XFT2DP","Aaron","Jimenez",2,"2012-11-01",0,0); 
insert into MEMBER VALUES (107,"Curabitur.sed@odio.org","BID26ZWY8VA","Indigo","Rowland",1,"2012-10-16",0,0); 

insert into MEMBER_INTEREST VALUES (1,1); 
insert into MEMBER_INTEREST VALUES (1,2); 
insert into MEMBER_INTEREST VALUES (1,3); 
insert into MEMBER_INTEREST VALUES (1,4); 
insert into MEMBER_INTEREST VALUES (1,9); 
insert into MEMBER_INTEREST VALUES (10,10); 
insert into MEMBER_INTEREST VALUES (10,3); 
insert into MEMBER_INTEREST VALUES (10,5); 
insert into MEMBER_INTEREST VALUES (100,5); 
insert into MEMBER_INTEREST VALUES (100,6); 
insert into MEMBER_INTEREST VALUES (100,8); 
insert into MEMBER_INTEREST VALUES (101,2); 
insert into MEMBER_INTEREST VALUES (101,5); 
insert into MEMBER_INTEREST VALUES (102,1); 
insert into MEMBER_INTEREST VALUES (102,2); 
insert into MEMBER_INTEREST VALUES (102,5); 
insert into MEMBER_INTEREST VALUES (102,6); 
insert into MEMBER_INTEREST VALUES (102,8); 
insert into MEMBER_INTEREST VALUES (102,9); 
insert into MEMBER_INTEREST VALUES (103,2); 
insert into MEMBER_INTEREST VALUES (103,6); 
insert into MEMBER_INTEREST VALUES (103,7); 
insert into MEMBER_INTEREST VALUES (103,9); 
insert into MEMBER_INTEREST VALUES (105,11); 
insert into MEMBER_INTEREST VALUES (105,3); 
insert into MEMBER_INTEREST VALUES (105,4); 
insert into MEMBER_INTEREST VALUES (105,6); 
insert into MEMBER_INTEREST VALUES (105,7); 
insert into MEMBER_INTEREST VALUES (106,1); 
insert into MEMBER_INTEREST VALUES (106,2); 
insert into MEMBER_INTEREST VALUES (107,1); 
insert into MEMBER_INTEREST VALUES (107,10); 
insert into MEMBER_INTEREST VALUES (107,6); 
insert into MEMBER_INTEREST VALUES (11,10); 
insert into MEMBER_INTEREST VALUES (11,6); 
insert into MEMBER_INTEREST VALUES (11,7); 
insert into MEMBER_INTEREST VALUES (12,10); 
insert into MEMBER_INTEREST VALUES (12,11); 
insert into MEMBER_INTEREST VALUES (12,3); 
insert into MEMBER_INTEREST VALUES (12,5); 
insert into MEMBER_INTEREST VALUES (12,6); 
insert into MEMBER_INTEREST VALUES (12,7); 
insert into MEMBER_INTEREST VALUES (13,3); 
insert into MEMBER_INTEREST VALUES (13,4); 
insert into MEMBER_INTEREST VALUES (13,5); 
insert into MEMBER_INTEREST VALUES (13,6); 
insert into MEMBER_INTEREST VALUES (13,8); 
insert into MEMBER_INTEREST VALUES (13,9); 
insert into MEMBER_INTEREST VALUES (14,1); 
insert into MEMBER_INTEREST VALUES (14,2); 
insert into MEMBER_INTEREST VALUES (14,4); 
insert into MEMBER_INTEREST VALUES (14,6); 
insert into MEMBER_INTEREST VALUES (15,10); 
insert into MEMBER_INTEREST VALUES (15,3); 
insert into MEMBER_INTEREST VALUES (15,4); 
insert into MEMBER_INTEREST VALUES (15,7); 
insert into MEMBER_INTEREST VALUES (15,8); 
insert into MEMBER_INTEREST VALUES (16,2); 
insert into MEMBER_INTEREST VALUES (16,5); 
insert into MEMBER_INTEREST VALUES (16,7); 
insert into MEMBER_INTEREST VALUES (17,2); 
insert into MEMBER_INTEREST VALUES (17,7); 
insert into MEMBER_INTEREST VALUES (18,10); 
insert into MEMBER_INTEREST VALUES (18,2); 
insert into MEMBER_INTEREST VALUES (18,3); 
insert into MEMBER_INTEREST VALUES (18,7); 
insert into MEMBER_INTEREST VALUES (2,1); 
insert into MEMBER_INTEREST VALUES (2,10); 
insert into MEMBER_INTEREST VALUES (2,2); 
insert into MEMBER_INTEREST VALUES (2,4); 
insert into MEMBER_INTEREST VALUES (2,5); 
insert into MEMBER_INTEREST VALUES (2,6); 
insert into MEMBER_INTEREST VALUES (2,7); 
insert into MEMBER_INTEREST VALUES (2,9); 
insert into MEMBER_INTEREST VALUES (20,11); 
insert into MEMBER_INTEREST VALUES (21,3); 
insert into MEMBER_INTEREST VALUES (21,5); 
insert into MEMBER_INTEREST VALUES (22,1); 
insert into MEMBER_INTEREST VALUES (22,10); 
insert into MEMBER_INTEREST VALUES (22,2); 
insert into MEMBER_INTEREST VALUES (22,3); 
insert into MEMBER_INTEREST VALUES (22,6); 
insert into MEMBER_INTEREST VALUES (22,7); 
insert into MEMBER_INTEREST VALUES (23,1); 
insert into MEMBER_INTEREST VALUES (23,6); 
insert into MEMBER_INTEREST VALUES (23,8); 
insert into MEMBER_INTEREST VALUES (24,6); 
insert into MEMBER_INTEREST VALUES (24,7); 
insert into MEMBER_INTEREST VALUES (24,8); 
insert into MEMBER_INTEREST VALUES (25,4); 
insert into MEMBER_INTEREST VALUES (25,6); 
insert into MEMBER_INTEREST VALUES (25,7); 
insert into MEMBER_INTEREST VALUES (25,8); 
insert into MEMBER_INTEREST VALUES (26,1); 
insert into MEMBER_INTEREST VALUES (26,2); 
insert into MEMBER_INTEREST VALUES (27,1); 
insert into MEMBER_INTEREST VALUES (27,10); 
insert into MEMBER_INTEREST VALUES (27,4); 
insert into MEMBER_INTEREST VALUES (27,6); 
insert into MEMBER_INTEREST VALUES (28,10); 
insert into MEMBER_INTEREST VALUES (28,2); 
insert into MEMBER_INTEREST VALUES (28,3); 
insert into MEMBER_INTEREST VALUES (28,4); 
insert into MEMBER_INTEREST VALUES (28,7); 
insert into MEMBER_INTEREST VALUES (29,7); 
insert into MEMBER_INTEREST VALUES (3,10); 
insert into MEMBER_INTEREST VALUES (3,11); 
insert into MEMBER_INTEREST VALUES (3,2); 
insert into MEMBER_INTEREST VALUES (3,3); 
insert into MEMBER_INTEREST VALUES (3,5); 
insert into MEMBER_INTEREST VALUES (3,7); 
insert into MEMBER_INTEREST VALUES (30,2); 
insert into MEMBER_INTEREST VALUES (30,5); 
insert into MEMBER_INTEREST VALUES (30,8); 
insert into MEMBER_INTEREST VALUES (31,6); 
insert into MEMBER_INTEREST VALUES (32,10); 
insert into MEMBER_INTEREST VALUES (33,4); 
insert into MEMBER_INTEREST VALUES (33,7); 
insert into MEMBER_INTEREST VALUES (33,9); 
insert into MEMBER_INTEREST VALUES (34,1); 
insert into MEMBER_INTEREST VALUES (34,11); 
insert into MEMBER_INTEREST VALUES (34,8); 
insert into MEMBER_INTEREST VALUES (34,9); 
insert into MEMBER_INTEREST VALUES (35,1); 
insert into MEMBER_INTEREST VALUES (35,2); 
insert into MEMBER_INTEREST VALUES (35,7); 
insert into MEMBER_INTEREST VALUES (35,9); 
insert into MEMBER_INTEREST VALUES (36,10); 
insert into MEMBER_INTEREST VALUES (36,11); 
insert into MEMBER_INTEREST VALUES (36,2); 
insert into MEMBER_INTEREST VALUES (36,9); 
insert into MEMBER_INTEREST VALUES (37,1); 
insert into MEMBER_INTEREST VALUES (37,10); 
insert into MEMBER_INTEREST VALUES (37,11); 
insert into MEMBER_INTEREST VALUES (37,9); 
insert into MEMBER_INTEREST VALUES (38,2); 
insert into MEMBER_INTEREST VALUES (38,4); 
insert into MEMBER_INTEREST VALUES (39,1); 
insert into MEMBER_INTEREST VALUES (39,11); 
insert into MEMBER_INTEREST VALUES (39,2); 
insert into MEMBER_INTEREST VALUES (39,4); 
insert into MEMBER_INTEREST VALUES (39,7); 
insert into MEMBER_INTEREST VALUES (39,9); 
insert into MEMBER_INTEREST VALUES (4,1); 
insert into MEMBER_INTEREST VALUES (4,3); 
insert into MEMBER_INTEREST VALUES (4,7); 
insert into MEMBER_INTEREST VALUES (40,5); 
insert into MEMBER_INTEREST VALUES (40,8); 
insert into MEMBER_INTEREST VALUES (41,7); 
insert into MEMBER_INTEREST VALUES (41,8); 
insert into MEMBER_INTEREST VALUES (42,6); 
insert into MEMBER_INTEREST VALUES (43,1); 
insert into MEMBER_INTEREST VALUES (43,8); 
insert into MEMBER_INTEREST VALUES (44,4); 
insert into MEMBER_INTEREST VALUES (44,8); 
insert into MEMBER_INTEREST VALUES (44,9); 
insert into MEMBER_INTEREST VALUES (45,3); 
insert into MEMBER_INTEREST VALUES (45,9); 
insert into MEMBER_INTEREST VALUES (46,2); 
insert into MEMBER_INTEREST VALUES (46,4); 
insert into MEMBER_INTEREST VALUES (46,7); 
insert into MEMBER_INTEREST VALUES (47,1); 
insert into MEMBER_INTEREST VALUES (47,3); 
insert into MEMBER_INTEREST VALUES (47,6); 
insert into MEMBER_INTEREST VALUES (47,7); 
insert into MEMBER_INTEREST VALUES (47,9); 
insert into MEMBER_INTEREST VALUES (48,10); 
insert into MEMBER_INTEREST VALUES (48,11); 
insert into MEMBER_INTEREST VALUES (48,9); 
insert into MEMBER_INTEREST VALUES (49,10); 
insert into MEMBER_INTEREST VALUES (49,11); 
insert into MEMBER_INTEREST VALUES (49,5); 
insert into MEMBER_INTEREST VALUES (5,10); 
insert into MEMBER_INTEREST VALUES (5,6); 
insert into MEMBER_INTEREST VALUES (5,9); 
insert into MEMBER_INTEREST VALUES (50,1); 
insert into MEMBER_INTEREST VALUES (50,2); 
insert into MEMBER_INTEREST VALUES (50,7); 
insert into MEMBER_INTEREST VALUES (50,9); 
insert into MEMBER_INTEREST VALUES (51,1); 
insert into MEMBER_INTEREST VALUES (51,10); 
insert into MEMBER_INTEREST VALUES (51,7); 
insert into MEMBER_INTEREST VALUES (51,9); 
insert into MEMBER_INTEREST VALUES (52,1); 
insert into MEMBER_INTEREST VALUES (52,10); 
insert into MEMBER_INTEREST VALUES (52,11); 
insert into MEMBER_INTEREST VALUES (52,7); 
insert into MEMBER_INTEREST VALUES (53,3); 
insert into MEMBER_INTEREST VALUES (53,4); 
insert into MEMBER_INTEREST VALUES (53,5); 
insert into MEMBER_INTEREST VALUES (53,9); 
insert into MEMBER_INTEREST VALUES (54,5); 
insert into MEMBER_INTEREST VALUES (54,8); 
insert into MEMBER_INTEREST VALUES (54,9); 
insert into MEMBER_INTEREST VALUES (55,1); 
insert into MEMBER_INTEREST VALUES (55,10); 
insert into MEMBER_INTEREST VALUES (55,3); 
insert into MEMBER_INTEREST VALUES (55,6); 
insert into MEMBER_INTEREST VALUES (56,4); 
insert into MEMBER_INTEREST VALUES (56,7); 
insert into MEMBER_INTEREST VALUES (57,11); 
insert into MEMBER_INTEREST VALUES (57,2); 
insert into MEMBER_INTEREST VALUES (57,5); 
insert into MEMBER_INTEREST VALUES (57,6); 
insert into MEMBER_INTEREST VALUES (57,8); 
insert into MEMBER_INTEREST VALUES (57,9); 
insert into MEMBER_INTEREST VALUES (58,2); 
insert into MEMBER_INTEREST VALUES (59,8); 
insert into MEMBER_INTEREST VALUES (6,4); 
insert into MEMBER_INTEREST VALUES (6,5); 
insert into MEMBER_INTEREST VALUES (60,10); 
insert into MEMBER_INTEREST VALUES (60,8); 
insert into MEMBER_INTEREST VALUES (61,1); 
insert into MEMBER_INTEREST VALUES (61,11); 
insert into MEMBER_INTEREST VALUES (61,4); 
insert into MEMBER_INTEREST VALUES (61,5); 
insert into MEMBER_INTEREST VALUES (61,8); 
insert into MEMBER_INTEREST VALUES (62,10); 
insert into MEMBER_INTEREST VALUES (63,10); 
insert into MEMBER_INTEREST VALUES (63,2); 
insert into MEMBER_INTEREST VALUES (63,4); 
insert into MEMBER_INTEREST VALUES (63,7); 
insert into MEMBER_INTEREST VALUES (63,8); 
insert into MEMBER_INTEREST VALUES (63,9); 
insert into MEMBER_INTEREST VALUES (64,3); 
insert into MEMBER_INTEREST VALUES (64,9); 
insert into MEMBER_INTEREST VALUES (65,3); 
insert into MEMBER_INTEREST VALUES (65,4); 
insert into MEMBER_INTEREST VALUES (65,7); 
insert into MEMBER_INTEREST VALUES (65,9); 
insert into MEMBER_INTEREST VALUES (66,5); 
insert into MEMBER_INTEREST VALUES (66,7); 
insert into MEMBER_INTEREST VALUES (66,8); 
insert into MEMBER_INTEREST VALUES (67,1); 
insert into MEMBER_INTEREST VALUES (67,10); 
insert into MEMBER_INTEREST VALUES (69,1); 
insert into MEMBER_INTEREST VALUES (69,3); 
insert into MEMBER_INTEREST VALUES (69,4); 
insert into MEMBER_INTEREST VALUES (69,7); 
insert into MEMBER_INTEREST VALUES (7,11); 
insert into MEMBER_INTEREST VALUES (7,2); 
insert into MEMBER_INTEREST VALUES (7,4); 
insert into MEMBER_INTEREST VALUES (70,11); 
insert into MEMBER_INTEREST VALUES (70,3); 
insert into MEMBER_INTEREST VALUES (70,4); 
insert into MEMBER_INTEREST VALUES (70,5); 
insert into MEMBER_INTEREST VALUES (71,10); 
insert into MEMBER_INTEREST VALUES (71,11); 
insert into MEMBER_INTEREST VALUES (71,8); 
insert into MEMBER_INTEREST VALUES (72,1); 
insert into MEMBER_INTEREST VALUES (72,2); 
insert into MEMBER_INTEREST VALUES (72,5); 
insert into MEMBER_INTEREST VALUES (72,7); 
insert into MEMBER_INTEREST VALUES (73,1); 
insert into MEMBER_INTEREST VALUES (73,11); 
insert into MEMBER_INTEREST VALUES (73,2); 
insert into MEMBER_INTEREST VALUES (73,9); 
insert into MEMBER_INTEREST VALUES (74,2); 
insert into MEMBER_INTEREST VALUES (74,4); 
insert into MEMBER_INTEREST VALUES (74,5); 
insert into MEMBER_INTEREST VALUES (74,6); 
insert into MEMBER_INTEREST VALUES (74,8); 
insert into MEMBER_INTEREST VALUES (75,1); 
insert into MEMBER_INTEREST VALUES (75,6); 
insert into MEMBER_INTEREST VALUES (76,1); 
insert into MEMBER_INTEREST VALUES (76,10); 
insert into MEMBER_INTEREST VALUES (76,2); 
insert into MEMBER_INTEREST VALUES (76,7); 
insert into MEMBER_INTEREST VALUES (77,1); 
insert into MEMBER_INTEREST VALUES (77,6); 
insert into MEMBER_INTEREST VALUES (77,7); 
insert into MEMBER_INTEREST VALUES (77,8); 
insert into MEMBER_INTEREST VALUES (78,4); 
insert into MEMBER_INTEREST VALUES (78,5); 
insert into MEMBER_INTEREST VALUES (78,7); 
insert into MEMBER_INTEREST VALUES (78,8); 
insert into MEMBER_INTEREST VALUES (78,9); 
insert into MEMBER_INTEREST VALUES (79,9); 
insert into MEMBER_INTEREST VALUES (8,1); 
insert into MEMBER_INTEREST VALUES (8,2); 
insert into MEMBER_INTEREST VALUES (8,3); 
insert into MEMBER_INTEREST VALUES (8,7); 
insert into MEMBER_INTEREST VALUES (80,10); 
insert into MEMBER_INTEREST VALUES (80,6); 
insert into MEMBER_INTEREST VALUES (81,10); 
insert into MEMBER_INTEREST VALUES (81,11); 
insert into MEMBER_INTEREST VALUES (81,2); 
insert into MEMBER_INTEREST VALUES (81,3); 
insert into MEMBER_INTEREST VALUES (81,7); 
insert into MEMBER_INTEREST VALUES (81,8); 
insert into MEMBER_INTEREST VALUES (82,1); 
insert into MEMBER_INTEREST VALUES (82,11); 
insert into MEMBER_INTEREST VALUES (82,7); 
insert into MEMBER_INTEREST VALUES (82,8); 
insert into MEMBER_INTEREST VALUES (83,1); 
insert into MEMBER_INTEREST VALUES (83,2); 
insert into MEMBER_INTEREST VALUES (83,4); 
insert into MEMBER_INTEREST VALUES (83,7); 
insert into MEMBER_INTEREST VALUES (84,1); 
insert into MEMBER_INTEREST VALUES (84,5); 
insert into MEMBER_INTEREST VALUES (84,6); 
insert into MEMBER_INTEREST VALUES (85,10); 
insert into MEMBER_INTEREST VALUES (86,1); 
insert into MEMBER_INTEREST VALUES (86,8); 
insert into MEMBER_INTEREST VALUES (87,11); 
insert into MEMBER_INTEREST VALUES (87,5); 
insert into MEMBER_INTEREST VALUES (87,6); 
insert into MEMBER_INTEREST VALUES (87,7); 
insert into MEMBER_INTEREST VALUES (87,8); 
insert into MEMBER_INTEREST VALUES (88,1); 
insert into MEMBER_INTEREST VALUES (88,10); 
insert into MEMBER_INTEREST VALUES (88,2); 
insert into MEMBER_INTEREST VALUES (88,3); 
insert into MEMBER_INTEREST VALUES (88,5); 
insert into MEMBER_INTEREST VALUES (88,9); 
insert into MEMBER_INTEREST VALUES (89,3); 
insert into MEMBER_INTEREST VALUES (89,9); 
insert into MEMBER_INTEREST VALUES (9,1); 
insert into MEMBER_INTEREST VALUES (9,2); 
insert into MEMBER_INTEREST VALUES (9,3); 
insert into MEMBER_INTEREST VALUES (9,5); 
insert into MEMBER_INTEREST VALUES (9,8); 
insert into MEMBER_INTEREST VALUES (90,4); 
insert into MEMBER_INTEREST VALUES (91,2); 
insert into MEMBER_INTEREST VALUES (91,3); 
insert into MEMBER_INTEREST VALUES (91,9); 
insert into MEMBER_INTEREST VALUES (92,10); 
insert into MEMBER_INTEREST VALUES (92,11); 
insert into MEMBER_INTEREST VALUES (92,3); 
insert into MEMBER_INTEREST VALUES (92,6); 
insert into MEMBER_INTEREST VALUES (93,2); 
insert into MEMBER_INTEREST VALUES (93,3); 
insert into MEMBER_INTEREST VALUES (93,5); 
insert into MEMBER_INTEREST VALUES (93,7); 
insert into MEMBER_INTEREST VALUES (94,10); 
insert into MEMBER_INTEREST VALUES (94,3); 
insert into MEMBER_INTEREST VALUES (94,4); 
insert into MEMBER_INTEREST VALUES (95,10); 
insert into MEMBER_INTEREST VALUES (95,11); 
insert into MEMBER_INTEREST VALUES (95,2); 
insert into MEMBER_INTEREST VALUES (96,1); 
insert into MEMBER_INTEREST VALUES (96,2); 
insert into MEMBER_INTEREST VALUES (96,5); 
insert into MEMBER_INTEREST VALUES (96,6); 
insert into MEMBER_INTEREST VALUES (97,1); 
insert into MEMBER_INTEREST VALUES (97,11); 
insert into MEMBER_INTEREST VALUES (97,4); 
insert into MEMBER_INTEREST VALUES (98,1); 
insert into MEMBER_INTEREST VALUES (98,6); 
insert into MEMBER_INTEREST VALUES (98,8); 
insert into MEMBER_INTEREST VALUES (99,2); 
insert into MEMBER_INTEREST VALUES (99,3); 
insert into MEMBER_INTEREST VALUES (99,7); 
insert into MEMBER_INTEREST VALUES (99,9); 

insert into FRIEND VALUES (1,3); 
insert into FRIEND VALUES (1,6); 
insert into FRIEND VALUES (2,1); 
insert into FRIEND VALUES (2,3); 
insert into FRIEND VALUES (2,4); 
insert into FRIEND VALUES (3,1); 
insert into FRIEND VALUES (3,2); 
insert into FRIEND VALUES (1,68); 
insert into FRIEND VALUES (1,80); 
insert into FRIEND VALUES (10,52); 
insert into FRIEND VALUES (10,8); 
insert into FRIEND VALUES (100,21); 
insert into FRIEND VALUES (100,76); 
insert into FRIEND VALUES (100,97); 
insert into FRIEND VALUES (101,66); 
insert into FRIEND VALUES (101,84); 
insert into FRIEND VALUES (102,18); 
insert into FRIEND VALUES (103,26); 
insert into FRIEND VALUES (105,57); 
insert into FRIEND VALUES (105,96); 
insert into FRIEND VALUES (106,64); 
insert into FRIEND VALUES (106,69); 
insert into FRIEND VALUES (106,84); 
insert into FRIEND VALUES (107,61); 
insert into FRIEND VALUES (12,101); 
insert into FRIEND VALUES (12,42); 
insert into FRIEND VALUES (12,5); 
insert into FRIEND VALUES (13,15); 
insert into FRIEND VALUES (14,29); 
insert into FRIEND VALUES (15,36); 
insert into FRIEND VALUES (15,6); 
insert into FRIEND VALUES (16,22); 
insert into FRIEND VALUES (16,41); 
insert into FRIEND VALUES (17,18); 
insert into FRIEND VALUES (17,43); 
insert into FRIEND VALUES (17,73); 
insert into FRIEND VALUES (18,11); 
insert into FRIEND VALUES (18,22); 
insert into FRIEND VALUES (18,34); 
insert into FRIEND VALUES (18,94); 
insert into FRIEND VALUES (2,17); 
insert into FRIEND VALUES (2,49); 
insert into FRIEND VALUES (20,33); 
insert into FRIEND VALUES (20,42); 
insert into FRIEND VALUES (21,39); 
insert into FRIEND VALUES (22,22); 
insert into FRIEND VALUES (23,74); 
insert into FRIEND VALUES (23,82); 
insert into FRIEND VALUES (24,14); 
insert into FRIEND VALUES (24,76); 
insert into FRIEND VALUES (24,86); 
insert into FRIEND VALUES (25,90); 
insert into FRIEND VALUES (26,104); 
insert into FRIEND VALUES (26,52); 
insert into FRIEND VALUES (26,76); 
insert into FRIEND VALUES (27,44); 
insert into FRIEND VALUES (29,105); 
insert into FRIEND VALUES (29,51); 
insert into FRIEND VALUES (29,90); 
insert into FRIEND VALUES (3,18); 
insert into FRIEND VALUES (3,21); 
insert into FRIEND VALUES (3,74); 
insert into FRIEND VALUES (30,34); 
insert into FRIEND VALUES (31,106); 
insert into FRIEND VALUES (32,77); 
insert into FRIEND VALUES (32,93); 
insert into FRIEND VALUES (33,33); 
insert into FRIEND VALUES (33,40); 
insert into FRIEND VALUES (34,20); 
insert into FRIEND VALUES (35,105); 
insert into FRIEND VALUES (35,90); 
insert into FRIEND VALUES (36,38); 
insert into FRIEND VALUES (36,62); 
insert into FRIEND VALUES (37,71); 
insert into FRIEND VALUES (38,103); 
insert into FRIEND VALUES (38,33); 
insert into FRIEND VALUES (38,40); 
insert into FRIEND VALUES (38,8); 
insert into FRIEND VALUES (39,33); 
insert into FRIEND VALUES (39,4); 
insert into FRIEND VALUES (39,52); 
insert into FRIEND VALUES (39,7); 
insert into FRIEND VALUES (39,98); 
insert into FRIEND VALUES (4,101); 
insert into FRIEND VALUES (4,28); 
insert into FRIEND VALUES (40,82); 
insert into FRIEND VALUES (40,89); 
insert into FRIEND VALUES (41,30); 
insert into FRIEND VALUES (42,19); 
insert into FRIEND VALUES (42,91); 
insert into FRIEND VALUES (44,40); 
insert into FRIEND VALUES (44,88); 
insert into FRIEND VALUES (45,24); 
insert into FRIEND VALUES (47,19); 
insert into FRIEND VALUES (47,2); 
insert into FRIEND VALUES (47,66); 
insert into FRIEND VALUES (48,90); 
insert into FRIEND VALUES (49,101); 
insert into FRIEND VALUES (49,28); 
insert into FRIEND VALUES (5,11); 
insert into FRIEND VALUES (5,12); 
insert into FRIEND VALUES (5,79); 
insert into FRIEND VALUES (50,53); 
insert into FRIEND VALUES (50,61); 
insert into FRIEND VALUES (50,95); 
insert into FRIEND VALUES (51,103); 
insert into FRIEND VALUES (52,52); 
insert into FRIEND VALUES (53,27); 
insert into FRIEND VALUES (53,65); 
insert into FRIEND VALUES (54,32); 
insert into FRIEND VALUES (54,38); 
insert into FRIEND VALUES (54,55); 
insert into FRIEND VALUES (55,23); 
insert into FRIEND VALUES (55,64); 
insert into FRIEND VALUES (56,33); 
insert into FRIEND VALUES (56,47); 
insert into FRIEND VALUES (56,74); 
insert into FRIEND VALUES (57,53); 
insert into FRIEND VALUES (57,62); 
insert into FRIEND VALUES (57,91); 
insert into FRIEND VALUES (57,92); 
insert into FRIEND VALUES (59,88); 
insert into FRIEND VALUES (6,32); 
insert into FRIEND VALUES (6,49); 
insert into FRIEND VALUES (6,7); 
insert into FRIEND VALUES (6,91); 
insert into FRIEND VALUES (60,30); 
insert into FRIEND VALUES (60,48); 
insert into FRIEND VALUES (61,51); 
insert into FRIEND VALUES (61,52); 
insert into FRIEND VALUES (61,70); 
insert into FRIEND VALUES (62,103); 
insert into FRIEND VALUES (62,55); 
insert into FRIEND VALUES (62,64); 
insert into FRIEND VALUES (62,92); 
insert into FRIEND VALUES (63,17); 
insert into FRIEND VALUES (63,22); 
insert into FRIEND VALUES (64,29); 
insert into FRIEND VALUES (65,101); 
insert into FRIEND VALUES (65,89); 
insert into FRIEND VALUES (66,54); 
insert into FRIEND VALUES (67,38); 
insert into FRIEND VALUES (68,44); 
insert into FRIEND VALUES (68,7); 
insert into FRIEND VALUES (68,97); 
insert into FRIEND VALUES (68,99); 
insert into FRIEND VALUES (69,80); 
insert into FRIEND VALUES (69,84); 
insert into FRIEND VALUES (7,54); 
insert into FRIEND VALUES (70,32); 
insert into FRIEND VALUES (70,89); 
insert into FRIEND VALUES (72,47); 
insert into FRIEND VALUES (73,64); 
insert into FRIEND VALUES (73,86); 
insert into FRIEND VALUES (74,80); 
insert into FRIEND VALUES (75,105); 
insert into FRIEND VALUES (75,12); 
insert into FRIEND VALUES (76,107); 
insert into FRIEND VALUES (76,29); 
insert into FRIEND VALUES (76,50); 
insert into FRIEND VALUES (76,63); 
insert into FRIEND VALUES (77,69); 
insert into FRIEND VALUES (78,1); 
insert into FRIEND VALUES (79,23); 
insert into FRIEND VALUES (79,73); 
insert into FRIEND VALUES (8,44); 
insert into FRIEND VALUES (82,43); 
insert into FRIEND VALUES (83,41); 
insert into FRIEND VALUES (84,19); 
insert into FRIEND VALUES (84,47); 
insert into FRIEND VALUES (84,74); 
insert into FRIEND VALUES (85,107); 
insert into FRIEND VALUES (85,23); 
insert into FRIEND VALUES (86,53); 
insert into FRIEND VALUES (87,25); 
insert into FRIEND VALUES (87,48); 
insert into FRIEND VALUES (87,51); 
insert into FRIEND VALUES (88,77); 
insert into FRIEND VALUES (89,49); 
insert into FRIEND VALUES (89,52); 
insert into FRIEND VALUES (89,6); 
insert into FRIEND VALUES (89,86); 
insert into FRIEND VALUES (9,85); 
insert into FRIEND VALUES (9,86); 
insert into FRIEND VALUES (9,89); 
insert into FRIEND VALUES (90,64); 
insert into FRIEND VALUES (90,89); 
insert into FRIEND VALUES (91,101); 
insert into FRIEND VALUES (91,11); 
insert into FRIEND VALUES (91,36); 
insert into FRIEND VALUES (92,1); 
insert into FRIEND VALUES (92,106); 
insert into FRIEND VALUES (92,15); 
insert into FRIEND VALUES (92,28); 
insert into FRIEND VALUES (93,25); 
insert into FRIEND VALUES (94,71); 
insert into FRIEND VALUES (94,9); 
insert into FRIEND VALUES (95,10); 
insert into FRIEND VALUES (95,2); 
insert into FRIEND VALUES (96,16); 
insert into FRIEND VALUES (96,42); 
insert into FRIEND VALUES (96,88); 
insert into FRIEND VALUES (97,57); 
insert into FRIEND VALUES (98,63); 
insert into FRIEND VALUES (99,37); 
insert into FRIEND VALUES (99,93); 

insert into LINK VALUES (1,2,1,"2012-10-11","World War Z Trailer","http://youtu.be/HcwTxRuq-uk");
insert into LINK VALUES (2,2,1,"2012-11-05","Watch a computer light on fire!","http://www.youtube.com/watch?v=nd266kl0rs0&feature=youtu.be");
insert into LINK VALUES (3,3,5,"2012-11-05","Look at this odd cake.","http://www.oddman.ca/wp-content/uploads/2011/12/23201211.jpg");
insert into LINK VALUES (4,3,6,"2012-10-28","Cat helping with pushups","http://i.imgur.com/U7qYT.gif");
insert into LINK VALUES (5,3,2,"2012-10-24","Left 4 Dead Teletubbies","http://i25.tinypic.com/2u4ixw1.jpg");
insert into LINK VALUES (6,1,1,"2012-10-25","Obama wins Florida","http://news.yahoo.com/obama-wins-fla-topping-romney-final-tally-175200615--election.html");
insert into LINK VALUES (7,1,3,"2012-10-29","SQL Data Types","http://www.w3schools.com/sql/sql_datatypes.asp");
insert into LINK VALUES (8,2,6,"2012-11-04","Matt Damon Horrible Poker Acting","http://www.youtube.com/watch?v=4yWaSfGosbQ&feature=watch-vrec");
insert into LINK VALUES (9,3,89,"2012-10-22","Pic is ship going into the ocean","http://i.imgur.com/odyMk.jpg");
insert into LINK VALUES (10,3,28,"2012-10-27","Homer Mad that 7-11 closed","http://i.imgur.com/oOtNq.jpg");
insert into LINK VALUES (11,1,39,"2012-11-07","Good Riddance to Mitt Romney","http://www.nydailynews.com/blogs/the_rumble/2012/11/good-riddance-to-mitt-romney");
insert into LINK VALUES (12,1,21,"2012-11-05","Headphones!","http://imgur.com/4ZEnY");
insert into LINK VALUES (13,3,23,"2012-10-15","WTF Hugging","http://i.imgur.com/bat11.gif");
insert into LINK VALUES (14,1,2,"2012-10-14","Sick Car","http://imgur.com/HegY6");
insert into LINK VALUES (15,3,90,"2012-11-06","Baby bear wears no clothes?","http://i.imgur.com/GyIl2.jpg");
insert into LINK VALUES (16,1,85,"2012-10-23","Poor Mitt","http://imgur.com/xEI8U");
insert into LINK VALUES (17,1,80,"2012-11-10","BACON DOG!","http://imgur.com/BUwOm");
insert into LINK VALUES (18,1,61,"2012-11-03","Derp Face with cat","http://imgur.com/84rlm");
insert into LINK VALUES (19,1,87,"2012-10-13","Dog needs help getting down stairs","http://imgur.com/cZEmF");
insert into LINK VALUES (20,1,4,"2012-10-17","Recovery of CHEETO!","http://imgur.com/a/omrR6");
insert into LINK VALUES (21,3,8,"2012-10-18","FONY SONY","http://i.imgur.com/oxsy8.jpg");
insert into LINK VALUES (22,3,97,"2012-10-14","Fake Sony Controller","http://i.imgur.com/oxsy8.jpg");
insert into LINK VALUES (23,3,25,"2012-10-19","Making fun with God","http://i.imgur.com/wgkwL.png");
insert into LINK VALUES (24,1,49,"2012-10-26","Dog missing dad","http://imgur.com/owQmo");
insert into LINK VALUES (25,2,28,"2012-10-17","Volleyball Spike","http://www.youtube.com/watch?v=oOMu_plC764&feature=player_embedded");
insert into LINK VALUES (26,1,24,"2012-11-03","Papa John's house","http://imgur.com/AeEbi");
insert into LINK VALUES (27,1,51,"2012-10-27","Youtube comments","http://imgur.com/YET00");
insert into LINK VALUES (28,3,9,"2012-10-21","OCD Help","http://i.imgur.com/px1Bj.jpg");
insert into LINK VALUES (29,3,45,"2012-10-11","WTF BABY DOLL","http://i.imgur.com/QXB5v.gif");
insert into LINK VALUES (30,1,36,"2012-10-26","Shipping Cat","http://imgur.com/OkkB5");
insert into LINK VALUES (31,3,10,"2012-11-02","Drunk Homer","http://i.imgur.com/BKqb6.png");
insert into LINK VALUES (32,3,46,"2012-10-14","Gecko Eye","http://24.media.tumblr.com/tumblr_m2edje64DW1qigvmso1_r1_250.gif");
insert into LINK VALUES (33,1,99,"2012-10-21","Cool Sink","http://imgur.com/kFvET");
insert into LINK VALUES (34,3,44,"2012-11-02","Custom Dr. Pepper Shirt","http://i.imgur.com/6T2C8.jpg");
insert into LINK VALUES (35,3,63,"2012-11-06","Cats in sink","http://learningfromdogs.files.wordpress.com/2010/09/cats-in-sink.jpg");
insert into LINK VALUES (36,1,42,"2012-10-21","Funny Asians","http://imgur.com/ONysw");
insert into LINK VALUES (37,3,36,"2012-10-15","Floating Cat & Dog","http://i.imgur.com/ZefRc.png");
insert into LINK VALUES (38,3,98,"2012-10-20","Reading bible wrong","http://i.imgur.com/1m31j.jpg");
insert into LINK VALUES (39,3,52,"2012-10-17","CUTE","http://i.imgur.com/BzhEr.jpg");
insert into LINK VALUES (40,1,18,"2012-10-23","Funny","http://imgur.com/YCsjG");
insert into LINK VALUES (41,3,19,"2012-10-22","Nietzche - Kant - Sinatra","http://i.imgur.com/IJUHg.jpg");
insert into LINK VALUES (42,2,91,"2012-10-25","Korean girl scares pranksters","http://youtu.be/05SxWzfFiUQ");
insert into LINK VALUES (43,2,39,"2012-10-28","Adopted squirrel purrs","http://youtu.be/fHT1nAX46dM");
insert into LINK VALUES (44,2,41,"2012-11-10","Chewbacca Dog","http://youtu.be/FAqsoXg8AD8");
insert into LINK VALUES (45,2,92,"2012-10-20","Soldier Dog Reunion","http://youtu.be/k0zMzfegs5s");
insert into LINK VALUES (46,2,21,"2012-10-21","Dog Dentist","http://youtu.be/-kDVIp9h72A");
insert into LINK VALUES (47,2,19,"2012-10-28","City on Fire","http://vimeo.com/53059798");
insert into LINK VALUES (48,2,65,"2012-10-22","Warm Bodies Trailer","http://youtu.be/qrI8YIZsBok");
insert into LINK VALUES (49,2,81,"2012-10-22","TV Anchor apologiezes to Chris Brown","http://www.youtube.com/watch?v=TOjUKwoHUyw");
insert into LINK VALUES (50,2,106,"2012-10-25","Dumb & Dumber Charity ball entrance","http://youtu.be/67Vgag2PtNA");
insert into LINK VALUES (51,2,68,"2012-10-25","How people count cash","http://youtu.be/-UmfzJ_Bq-A");
insert into LINK VALUES (52,2,88,"2012-10-23","Mixing 3d sculptures with real objects","http://vimeo.com/43442146");
insert into LINK VALUES (53,2,96,"2012-10-29","Dog walking tightrope","http://youtu.be/iDXH5l54CWU");
insert into LINK VALUES (54,2,93,"2012-10-21","Train going through snow","http://youtu.be/6acPX_00M9Q");
insert into LINK VALUES (55,2,30,"2012-11-10","Eerie Critters","http://youtu.be/dFhoIu4VKms");
insert into LINK VALUES (56,1,16,"2012-10-18","Man impersonates federal officer","http://gawker.com/5959476/man-impersonates-a-federal-officer-just-to-get-into-epcot-for-free");
insert into LINK VALUES (57,1,10,"2012-10-12","New Blackberry 10","http://techcrunch.com/2012/11/10/rim-plans-to-woo-would-be-blackberry-10-game-developers-with-money-and-hardware/")
insert into LINK VALUES (58,1,80,"2012-11-04","The Lost Presidential Debate","http://gawker.com/5959457/the-lost-presidential-debate-of-2012-binders-full-of-black-men-tang+colored-white-boys-and-other-shit-i-dont-like");
insert into LINK VALUES (59,1,25,"2012-11-07","Petraeus resigns","http://www.huffingtonpost.com/2012/11/10/david-petraeus-resigns_n_2108966.html");
insert into LINK VALUES (60,1,54,"2012-10-17","University suspends student for asking questions","http://gawker.com/5959439/university-suspends-journalism-student-for-asking-questions-for-a-class-assignment");
insert into LINK VALUES (61,1,9,"2012-11-04","Does Apple's HTC aggrement Indicate a Softening of litigation","http://techcrunch.com/2012/11/10/does-apples-htc-agreement-indicate-a-softening-of-its-approach-to-patent-litigation/")
insert into LINK VALUES (62,1,34,"2012-11-01","Photog captures fire in time lapse","http://www.petapixel.com/2012/11/10/time-lapse-photographer-captures-fire-breaking-out-in-montreal/")
insert into LINK VALUES (63,1,99,"2012-10-24","Walmart workers destroying iPads","http://www.businessinsider.com/video-walmart-destroy-ipads-2012-11");
insert into LINK VALUES (64,1,1,"2012-10-28","Pregnancy test tells man he's got cancer","http://www.forbes.com/sites/daviddisalvo/2012/11/10/how-a-pregnancy-test-told-a-man-that-he-has-testicular-cancer/")
insert into LINK VALUES (65,1,78,"2012-11-03","Google a day puzzle","http://www.wired.com/geekdad/2012/11/agad111012/")
insert into LINK VALUES (66,1,55,"2012-11-04","Google puzzle challenge","http://www.wired.com/geekdad/2012/11/agad111012/")
insert into LINK VALUES (67,1,42,"2012-10-24","Microsofts Halo4 launch","http://www.wired.com/gamelife/2012/11/halo-4-didact-glyph-london/")
insert into LINK VALUES (68,1,6,"2012-10-12","Slashdot - Stuxnet Infected Chevron","http://it.slashdot.org/story/12/11/10/200231/stuxnet-infected-but-didnt-affect-chevron-network-in-2010?utm_source=rss1.0mainlinkanon&utm_medium=feed");
insert into LINK VALUES (69,1,45,"2012-10-29","Vulnerabilities in Games","http://games.slashdot.org/story/12/11/10/216240/critical-vulnerabilities-in-call-of-duty-modern-warfare-3-cryengine-3?utm_source=rss1.0mainlinkanon&utm_medium=feed");
insert into LINK VALUES (70,1,94,"2012-11-05","Future of Medicine in the ocean","http://science.slashdot.org/story/12/11/10/2358242/treasure-trove-in-oceans-may-bring-revolutions-in-medicine-and-industry?utm_source=rss1.0mainlinkanon&utm_medium=feed");
insert into LINK VALUES (71,1,24,"2012-11-08","Best & worst polls from 2012 Presidential race","http://fivethirtyeight.blogs.nytimes.com/2012/11/10/which-polls-fared-best-and-worst-in-the-2012-presidential-race/")
insert into LINK VALUES (72,1,63,"2012-10-19","Sandy areas still hurting","http://www.nytimes.com/2012/11/11/nyregion/gerritsen-beach-home-to-emergency-workers-is-still-reeling-from-the-storm.html");
insert into LINK VALUES (73,1,77,"2012-10-14","Girl trapped between 2 buildings","http://www.huffingtonpost.com/2012/11/10/courtney-malloy-stuck-buildings-rescued_n_2109487.html");
insert into LINK VALUES (74,1,62,"2012-11-03","How to hide your alarm panel","http://lifehacker.com/5959514/hinged-canvas-hides-your-alarm-panel");
insert into LINK VALUES (75,1,104,"2012-11-01","Make a multi roll tape dispenser","http://lifehacker.com/5959503/diy-multiple-roll-tape-dispenser");
insert into LINK VALUES (76,1,62,"2012-10-23","Make your own peanut butter","http://lifehacker.com/5959482/diy-peanut-butter-is-healthier-and-tastes-better-than-the-stuff-in-a-jar");
insert into LINK VALUES (77,1,83,"2012-10-18","Make a pvc extension cord caddy","http://lifehacker.com/5959417/diy-pvc-extension-cord-caddy");
